{"cameraMode":{"drawMode":0,"name":"Shaded","section":"Shading Mode"},"sceneLighting":true,"audioPlay":false,"sceneViewState":{"m_AlwaysRefresh":false,"showFog":true,"showSkybox":true,"showFlares":true,"showImageEffects":true,"showParticleSystems":true,"showVisualEffectGraphs":true,"m_FxEnabled":true},"in2DMode":false,"pivot":{"x":-11.583715438842774,"y":0.6381128430366516,"z":0.10507535934448242},"rotation":{"x":-0.33688920736312868,"y":-0.03191462904214859,"z":0.011422915384173394,"w":-0.9409480094909668},"size":4.024570465087891,"orthographic":false}