{"cameraMode":{"drawMode":0,"name":"Shaded","section":"Shading Mode"},"sceneLighting":true,"audioPlay":false,"sceneViewState":{"m_AlwaysRefresh":false,"showFog":true,"showSkybox":true,"showFlares":true,"showImageEffects":true,"showParticleSystems":true,"showVisualEffectGraphs":true,"m_FxEnabled":true},"in2DMode":false,"pivot":{"x":-10.641497611999512,"y":0.7940435409545898,"z":-0.032854557037353519},"rotation":{"x":-0.4052959084510803,"y":-0.006310490891337395,"z":0.002798051806166768,"w":-0.9141656160354614},"size":4.021845817565918,"orthographic":false}