{"cameraMode":{"drawMode":0,"name":"Shaded","section":"Shading Mode"},"sceneLighting":true,"audioPlay":false,"sceneViewState":{"m_AlwaysRefresh":false,"showFog":true,"showSkybox":true,"showFlares":true,"showImageEffects":true,"showParticleSystems":true,"showVisualEffectGraphs":true,"m_FxEnabled":true},"in2DMode":false,"pivot":{"x":-9.143488883972168,"y":0.5229101181030273,"z":-0.4299386739730835},"rotation":{"x":-0.23101772367954255,"y":-0.09701278060674668,"z":0.023155346512794496,"w":-0.9678335785865784},"size":3.3254005908966066,"orthographic":false}